Date,GLD,GDX,USO
2023-05-22,183.2100067138672,30.991300582885742,63.90999984741211
2023-05-23,183.42999267578125,30.77736473083496,64.87000274658203
2023-05-24,181.9499969482422,30.06749153137207,65.66000366210938
2023-05-25,180.1999969482422,29.425691604614258,64.08999633789062
2023-05-26,180.9199981689453,29.57155418395996,64.80000305175781
2023-05-30,182.0399932861328,29.367345809936523,62.29999923706055
2023-05-31,182.32000732421875,30.057767868041992,60.630001068115234
2023-06-01,183.75999450683594,31.127437591552734,62.54999923706055
2023-06-02,181.0500030517578,30.543981552124023,64.1500015258789
2023-06-05,182.13999938964844,30.689847946166992,64.02999877929688
2023-06-06,182.33999633789062,30.757917404174805,63.790000915527344
2023-06-07,180.14999389648438,30.19390869140625,64.70999908447266
2023-06-08,182.52999877929688,30.670400619506836,63.459999084472656
2023-06-09,182.0399932861328,30.223081588745117,62.93000030517578
2023-06-12,181.8800048828125,30.37866973876953,60.2400016784668
2023-06-13,180.5399932861328,30.038320541381836,62.13999938964844
2023-06-14,180.63999938964844,30.01887321472168,61.83000183105469
2023-06-15,181.91000366210938,30.145288467407227,63.40999984741211
2023-06-16,181.6300048828125,30.524534225463867,64.3499984741211
2023-06-20,179.75,29.308998107910156,63.91999816894531
2023-06-21,179.49000549316406,29.231203079223633,65.04000091552734
2023-06-22,177.7100067138672,29.026994705200195,62.52000045776367
2023-06-23,178.1999969482422,28.96864891052246,62.41999816894531
2023-06-26,178.50999450683594,29.240928649902344,62.72999954223633
2023-06-27,177.69000244140625,28.832508087158203,61.29999923706055
2023-06-28,177.27999877929688,28.414363861083984,62.52000045776367
2023-06-29,177.08999633789062,28.80333709716797,62.959999084472656
2023-06-30,178.27000427246094,29.27982521057129,63.54999923706055
2023-07-03,178.47000122070312,29.843835830688477,63.38999938964844
2023-07-05,177.83999633789062,29.007545471191406,64.62999725341797
2023-07-06,177.30999755859375,28.26849937438965,64.44000244140625
2023-07-07,178.63999938964844,28.638023376464844,65.8499984741211
2023-07-10,178.77999877929688,29.211755752563477,65.54000091552734
2023-07-11,179.4499969482422,29.406240463256836,67.02999877929688
2023-07-12,181.8800048828125,30.942678451538086,67.87000274658203
2023-07-13,182.00999450683594,31.302474975585938,69.08999633789062
2023-07-14,181.42999267578125,31.07881736755371,67.47000122070312
2023-07-17,181.55999755859375,31.088542938232422,66.58000183105469
2023-07-18,183.63999938964844,31.7303466796875,67.95999908447266
2023-07-19,183.6699981689453,31.467790603637695,67.69000244140625
2023-07-20,182.74000549316406,30.524534225463867,68.05000305175781
2023-07-21,182.17999267578125,30.62177848815918,68.98999786376953
2023-07-24,181.39999389648438,30.427291870117188,70.69000244140625
2023-07-25,182.41000366210938,30.90378189086914,71.16000366210938
2023-07-26,183.3000030517578,30.77736473083496,70.66000366210938
2023-07-27,180.4199981689453,29.513208389282227,71.43000030517578
2023-07-28,181.86000061035156,29.87300682067871,72.08999633789062
2023-07-31,182.35000610351562,30.543981552124023,73.16999816894531
2023-08-01,180.4600067138672,29.396516799926758,72.95999908447266
2023-08-02,179.60000610351562,28.47271156311035,71.4800033569336
2023-08-03,179.5399932861328,28.47271156311035,73.13999938964844
2023-08-04,180.19000244140625,28.7449893951416,73.79000091552734
2023-08-07,179.77999877929688,28.521331787109375,73.81999969482422
2023-08-08,178.63999938964844,28.278223037719727,74.05999755859375
2023-08-09,177.7899932861328,28.326845169067383,75.0999984741211
2023-08-10,177.60000610351562,28.36574363708496,74.19999694824219
2023-08-11,177.60000610351562,28.647747039794922,74.25
2023-08-14,177.05999755859375,28.151809692382812,73.80999755859375
2023-08-15,176.58999633789062,27.43221092224121,72.62000274658203
2023-08-16,175.57000732421875,27.06268882751465,71.37000274658203
2023-08-17,175.3000030517578,26.8487548828125,71.9800033569336
2023-08-18,175.3300018310547,26.693166732788086,72.79000091552734
2023-08-21,175.80999755859375,26.945995330810547,72.58000183105469
2023-08-22,176.10000610351562,27.179380416870117,72.27999877929688
2023-08-23,177.88999938964844,27.947599411010742,71.36000061035156
2023-08-24,177.85000610351562,27.889253616333008,71.41000366210938
2023-08-25,177.6199951171875,27.616971969604492,72.44999694824219
2023-08-28,178.1300048828125,28.200429916381836,72.41000366210938
2023-08-29,179.8699951171875,28.715818405151367,73.31999969482422
2023-08-30,180.32000732421875,28.70609474182129,73.66000366210938
2023-08-31,180.02000427246094,28.45326042175293,75.05999755859375
2023-09-01,180.11000061035156,28.287948608398438,76.91999816894531
2023-09-05,178.63999938964844,27.704490661621094,77.76000213623047
2023-09-06,177.8300018310547,27.685043334960938,78.5199966430664
2023-09-07,178.02000427246094,27.500280380249023,77.94999694824219
2023-09-08,178.0800018310547,27.558626174926758,78.30000305175781
2023-09-11,178.41000366210938,27.976770401000977,78.37000274658203
2023-09-12,177.49000549316406,27.9962215423584,79.69999694824219
2023-09-13,177.0800018310547,27.928150177001953,79.68000030517578
2023-09-14,177.1699981689453,28.307397842407227,81.12000274658203
2023-09-15,178.33999633789062,28.900577545166016,81.29000091552734
2023-09-18,179.38999938964844,28.929750442504883,81.44999694824219
2023-09-19,179.22000122070312,28.589401245117188,81.5
2023-09-20,179.35000610351562,28.890853881835938,80.13999938964844
2023-09-21,178.0500030517578,28.112911224365234,80.41000366210938
2023-09-22,178.6199951171875,28.07401466369629,80.62999725341797
2023-09-25,177.6999969482422,27.723939895629883,80.38999938964844
2023-09-26,176.27999877929688,26.975170135498047,80.87999725341797
2023-09-27,174.10000610351562,26.168054580688477,82.9000015258789
2023-09-28,173.22999572753906,26.3041934967041,81.56999969482422
2023-09-29,171.4499969482422,26.168054580688477,80.86000061035156
2023-10-02,169.64999389648438,25.273420333862305,79.38999938964844
2023-10-03,169.16000366210938,25.351213455200195,79.93000030517578
2023-10-04,169.13999938964844,25.19562530517578,75.58999633789062
2023-10-05,168.8300018310547,25.594322204589844,73.98999786376953
2023-10-06,169.6999969482422,26.148605346679688,74.16000366210938
2023-10-09,172.82000732421875,26.780683517456055,77.12999725341797
2023-10-10,172.52999877929688,27.04323959350586,76.70999908447266
2023-10-11,173.7899932861328,27.5391788482666,75.66999816894531
2023-10-12,173.25999450683594,26.975170135498047,75.41999816894531
2023-10-13,178.8300018310547,28.151809692382812,78.98999786376953
2023-10-16,177.9600067138672,28.200429916381836,78.38999938964844
2023-10-17,178.2899932861328,28.715818405151367,78.80000305175781
2023-10-18,180.8699951171875,28.638023376464844,79.83999633789062
2023-10-19,183.08999633789062,28.696367263793945,81.68000030517578
2023-10-20,183.58999633789062,28.66719627380371,80.69999694824219
2023-10-23,182.97000122070312,28.433813095092773,78.88999938964844
2023-10-24,182.9499969482422,28.45326042175293,76.93000030517578
2023-10-25,183.72000122070312,27.98649787902832,78.45999908447266
2023-10-26,184.00999450683594,27.73366355895996,76.88999938964844
2023-10-27,186.14999389648438,28.394916534423828,78.36000061035156
2023-10-30,185.10000610351562,27.976770401000977,76.05000305175781
2023-10-31,184.08999633789062,27.23772621154785,75.0199966430664
2023-11-01,183.50999450683594,27.334970474243164,74.75
2023-11-02,184.1199951171875,27.480833053588867,76.18000030517578
2023-11-03,184.7899932861328,28.657470703125,74.8499984741211
2023-11-06,183.35000610351562,28.346294403076172,74.91000366210938
2023-11-07,182.58999633789062,27.801733016967773,71.80000305175781
2023-11-08,180.77000427246094,26.926549911499023,70.19000244140625
2023-11-09,181.49000549316406,26.82930564880371,70.25
2023-11-10,179.50999450683594,26.498680114746094,71.79000091552734
2023-11-13,180.50999450683594,26.294469833374023,72.91999816894531
2023-11-14,182.1199951171875,27.54890251159668,72.69000244140625
2023-11-15,181.63999938964844,27.412763595581055,71.33999633789062
2023-11-16,183.69000244140625,27.821184158325195,68.05000305175781
2023-11-17,183.6699981689453,27.646146774291992,70.75
2023-11-20,183.3699951171875,27.723939895629883,72.30000305175781
2023-11-21,185.35000610351562,28.404640197753906,72.52999877929688
2023-11-22,184.55999755859375,28.44353675842285,71.61000061035156
2023-11-24,185.52000427246094,28.511606216430664,70.81999969482422
2023-11-27,186.77000427246094,28.96864891052246,69.95999908447266
2023-11-28,189.25999450683594,30.359220504760742,71.26000213623047
2023-11-29,189.5399932861328,30.339773178100586,72.5199966430664
2023-11-30,188.75,30.456464767456055,70.13999938964844
2023-12-01,192.00999450683594,30.932954788208008,69.23999786376953
2023-12-04,187.86000061035156,30.164735794067383,68.47000122070312
2023-12-05,187.14999389648438,29.639623641967773,67.58000183105469
2023-12-06,187.83999633789062,29.58127784729004,64.76000213623047
2023-12-07,188.14999389648438,29.48403549194336,65.11000061035156
2023-12-08,185.63999938964844,28.86168098449707,66.52999877929688
2023-12-11,183.58999633789062,28.735265731811523,66.80000305175781
2023-12-12,183.49000549316406,28.06429100036621,64.25
2023-12-13,187.6300048828125,29.853559494018555,65.33000183105469
2023-12-14,188.72999572753906,30.446739196777344,67.16000366210938
2023-12-15,187.0,30.09666633605957,67.1500015258789
2023-12-18,187.85000610351562,30.373414993286133,68.08999633789062
2023-12-19,189.1300048828125,31.183900833129883,69.36000061035156
2023-12-20,188.10000610351562,30.422836303710938,68.79000091552734
2023-12-21,189.42999267578125,30.986221313476562,69.02999877929688
2023-12-22,190.27000427246094,31.193784713745117,68.69000244140625
2023-12-26,191.72000122070312,31.302509307861328,70.20999908447266
2023-12-27,192.58999633789062,31.608911514282227,68.91999816894531
2023-12-28,191.47000122070312,30.80830955505371,67.18000030517578
2023-12-29,191.1699981689453,30.65016746520996,66.6500015258789
2024-01-02,190.72000122070312,30.20538902282715,65.7699966430664
2024-01-03,189.1300048828125,29.4146728515625,68.19000244140625
2024-01-04,189.32000732421875,29.424556732177734,67.56999969482422
2024-01-05,189.35000610351562,29.424556732177734,69.02999877929688
2024-01-08,187.8699951171875,29.355369567871094,66.4000015258789
2024-01-09,187.92999267578125,28.831518173217773,67.38999938964844
2024-01-10,187.5,28.772214889526367,66.55999755859375
2024-01-11,187.8699951171875,28.554765701293945,67.6500015258789
2024-01-12,189.7100067138672,29.355369567871094,68.0199966430664
2024-01-16,187.91000366210938,28.06056785583496,67.25
2024-01-17,185.83999633789062,27.190780639648438,67.94000244140625
2024-01-18,187.3699951171875,27.269851684570312,69.05999755859375
2024-01-19,187.92999267578125,27.36869239807129,68.81999969482422
2024-01-22,187.22000122070312,27.279735565185547,69.69000244140625
2024-01-23,187.9499969482422,27.90242576599121,69.66000366210938
2024-01-24,186.39999389648438,27.378576278686523,70.54000091552734
2024-01-25,187.13999938964844,27.92219352722168,72.2300033569336
2024-01-26,187.00999450683594,27.744281768798828,73.0999984741211
2024-01-29,188.3300018310547,28.03091812133789,72.05000305175781
2024-01-30,188.58999633789062,27.823352813720703,72.80999755859375
2024-01-31,188.4499969482422,27.61579132080078,70.91999816894531
2024-02-01,190.41000366210938,28.693143844604492,69.06999969482422
2024-02-02,188.61000061035156,27.694862365722656,67.51000213623047
2024-02-05,187.57000732421875,27.04252052307129,68.18000030517578
2024-02-06,188.5500030517578,27.39834213256836,68.80999755859375
2024-02-07,188.5,27.141359329223633,69.41999816894531
2024-02-08,188.3300018310547,26.98321533203125,71.5199966430664
2024-02-09,187.60000610351562,26.657045364379883,71.66999816894531
2024-02-12,187.11000061035156,26.97333335876465,72.11000061035156
2024-02-13,184.52999877929688,25.58957862854004,72.6500015258789
2024-02-14,184.4199981689453,25.70818519592285,71.55000305175781
2024-02-15,185.66000366210938,26.459367752075195,72.83999633789062
2024-02-16,186.33999633789062,26.548322677612305,73.41000366210938
2024-02-20,187.47000122070312,26.67681312561035,72.41999816894531
2024-02-21,187.47999572753906,26.508787155151367,73.19999694824219
2024-02-22,187.55999755859375,25.8564453125,73.5999984741211
2024-02-23,188.6199951171875,26.350643157958984,71.91999816894531
2024-02-26,188.1999969482422,25.94540023803711,72.79000091552734
2024-02-27,188.0,25.727954864501953,73.8499984741211
2024-02-28,188.33999633789062,25.48085594177246,73.62000274658203
2024-02-29,189.30999755859375,26.05412483215332,73.36000061035156
2024-03-01,192.88999938964844,27.012868881225586,74.95999908447266
2024-03-04,196.00999450683594,28.179176330566406,74.01000213623047
2024-03-05,197.19000244140625,28.327436447143555,73.44999694824219
2024-03-06,198.80999755859375,28.82163429260254,74.33999633789062
2024-03-07,199.94000244140625,29.26641273498535,74.2300033569336
2024-03-08,201.6300048828125,29.296064376831055,73.36000061035156
2024-03-11,202.0,29.780378341674805,73.62000274658203
2024-03-12,199.7899932861328,29.23676109313965,73.3499984741211
2024-03-13,201.19000244140625,29.938522338867188,75.08999633789062
2024-03-14,200.35000610351562,29.543163299560547,76.30000305175781
2024-03-15,199.7100067138672,29.543163299560547,76.33000183105469
2024-03-18,200.02999877929688,29.3949031829834,77.9800033569336
2024-03-19,199.8000030517578,28.722793579101562,78.43000030517578
2024-03-20,202.17999267578125,29.908870697021484,77.25
2024-03-21,201.97000122070312,29.612350463867188,76.81999969482422
2024-03-22,200.35000610351562,29.256528854370117,76.68000030517578
2024-03-25,200.99000549316406,29.48386001586914,77.76000213623047
2024-03-26,201.63999938964844,29.50362777709961,77.29000091552734
2024-03-27,203.10000610351562,30.600746154785156,77.51000213623047
2024-03-28,205.72000122070312,31.253089904785156,78.7300033569336
2024-04-01,207.82000732421875,31.658329010009766,79.66999816894531
2024-04-02,210.88999938964844,32.06357192993164,80.79000091552734
2024-04-03,212.74000549316406,32.75545120239258,81.25
2024-04-04,211.52000427246094,32.399627685546875,82.2699966430664
2024-04-05,215.13999938964844,33.44732666015625,82.4000015258789
2024-04-08,216.47999572753906,33.210113525390625,82.19999694824219
2024-04-09,217.6699981689453,33.783382415771484,81.1500015258789
2024-04-10,215.61000061035156,33.2891845703125,82.08999633789062
2024-04-11,219.8000030517578,34.05025100708008,81.55000305175781
2024-04-12,216.88999938964844,33.368255615234375,81.52999877929688
2024-04-15,220.9499969482422,33.14092254638672,81.6500015258789
2024-04-16,221.22000122070312,32.646724700927734,81.33000183105469
2024-04-17,219.58999633789062,33.16069412231445,78.91000366210938
2024-04-18,220.33999633789062,33.35837173461914,78.77999877929688
2024-04-19,221.02999877929688,33.674659729003906,78.8499984741211
2024-04-22,215.57000732421875,32.15252685546875,78.77999877929688
2024-04-23,215.0399932861328,32.66649627685547,79.9800033569336
2024-04-24,214.63999938964844,32.73568344116211,79.63999938964844
2024-04-25,215.9199981689453,33.931644439697266,80.44000244140625
2024-04-26,216.6199951171875,34.178741455078125,80.38999938964844
2024-04-29,216.17999267578125,34.366539001464844,79.5
2024-04-30,211.8699951171875,32.745567321777344,78.37999725341797
2024-05-01,213.7899932861328,32.9333610534668,75.93000030517578
2024-05-02,213.1300048828125,33.190345764160156,75.93000030517578
2024-05-03,212.9600067138672,33.05196762084961,75.12999725341797
2024-05-06,215.1999969482422,33.81303405761719,75.66000366210938
2024-05-07,214.2100067138672,33.77349853515625,75.5
2024-05-08,213.5800018310547,33.763614654541016,76.11000061035156
2024-05-09,216.9499969482422,34.94969177246094,76.5199966430664
2024-05-10,218.7100067138672,34.840965270996094,75.30000305175781
2024-05-13,216.25999450683594,34.54444885253906,76.12999725341797
2024-05-14,218.08999633789062,34.989227294921875,75.20999908447266
2024-05-15,220.88999938964844,35.493309020996094,75.87999725341797
2024-05-16,220.02999877929688,35.24620819091797,76.25
2024-05-17,223.66000366210938,36.442169189453125,76.97000122070312
2024-05-20,224.55999755859375,36.80787658691406,76.7300033569336
2024-05-21,224.22999572753906,36.50147247314453,76.16000366210938
2024-05-22,220.11000061035156,35.03864669799805,74.87000274658203
2024-05-23,215.72000122070312,34.34676742553711,74.44999694824219
2024-05-24,215.9199981689453,34.85084915161133,75.3499984741211
2024-05-28,218.19000244140625,35.68110275268555,77.66000366210938
2024-05-29,216.16000366210938,34.78166198730469,76.56999969482422
2024-05-30,216.57000732421875,35.147369384765625,75.52999877929688
2024-05-31,215.3000030517578,34.890384674072266,74.81999969482422
2024-06-03,217.22000122070312,35.09794998168945,71.83000183105469
2024-06-04,215.27000427246094,33.783382415771484,71.08999633789062
2024-06-05,217.82000732421875,34.38630676269531,71.88999938964844
2024-06-06,219.42999267578125,35.59214782714844,73.26000213623047
2024-06-07,211.60000610351562,33.15081024169922,73.0199966430664
2024-06-10,213.5399932861328,33.63512420654297,75.45999908447266
2024-06-11,214.14999389648438,33.35837173461914,75.51000213623047
2024-06-12,214.72000122070312,33.605472564697266,75.9800033569336
2024-06-13,212.97000122070312,32.76533508300781,75.73999786376953
2024-06-14,215.72999572753906,33.022315979003906,76.08000183105469
2024-06-17,214.61000061035156,32.814754486083984,77.79000091552734
2024-06-18,215.47000122070312,33.30895233154297,78.66999816894531
2024-06-20,218.16000366210938,34.14908981323242,79.41000366210938
2024-06-21,214.77999877929688,33.59558868408203,78.6500015258789
2024-06-24,215.6300048828125,33.852569580078125,79.69999694824219
2024-06-25,214.55999755859375,33.44732666015625,78.9000015258789
2024-06-26,212.5800018310547,33.42755889892578,78.75
2024-06-27,214.99000549316406,33.832801818847656,79.91999816894531
2024-06-28,215.00999450683594,33.536285400390625,79.58999633789062
2024-07-01,215.57000732421875,33.49674606323242,81.54000091552734
2024-07-02,215.55999755859375,33.625240325927734,81.11000061035156
2024-07-03,217.99000549316406,34.8706169128418,81.2699966430664
2024-07-05,220.92999267578125,35.8491325378418,81.30999755859375
2024-07-08,218.19000244140625,35.68110275268555,80.41999816894531
2024-07-09,218.55999755859375,35.69098663330078,79.7699966430664
2024-07-10,219.36000061035156,36.620079040527344,80.4800033569336
2024-07-11,223.25,37.648014068603516,80.94000244140625
2024-07-12,223.11000061035156,37.727081298828125,80.25
2024-07-15,223.8300018310547,37.50963592529297,80.12000274658203
2024-07-16,228.2899932861328,38.82420349121094,79.05999755859375
2024-07-17,227.22999572753906,37.99394989013672,80.62000274658203
2024-07-18,225.77999877929688,37.430564880371094,79.9000015258789
2024-07-19,221.72999572753906,36.95613479614258,78.0
2024-07-22,221.8000030517578,37.015438079833984,77.62000274658203
2024-07-23,222.5800018310547,37.015438079833984,76.62000274658203
2024-07-24,221.8000030517578,36.79799270629883,76.80999755859375
2024-07-25,218.3300018310547,35.770057678222656,77.45999908447266
2024-07-26,220.6300048828125,36.05669403076172,76.11000061035156
2024-07-29,220.32000732421875,36.21483612060547,75.19000244140625
2024-07-30,222.52000427246094,36.521240234375,74.45999908447266
2024-07-31,226.5500030517578,37.4898681640625,77.73999786376953
2024-08-01,225.77000427246094,36.837528228759766,76.29000091552734
2024-08-02,225.33999633789062,36.05669403076172,73.38999938964844
2024-08-05,222.47999572753906,34.92992401123047,73.22000122070312
2024-08-06,220.6999969482422,35.21656036376953,72.44999694824219
2024-08-07,220.5500030517578,34.30723190307617,74.69000244140625
2024-08-08,224.00999450683594,35.13748550415039,75.36000061035156
2024-08-09,224.55999755859375,35.42412185668945,76.22000122070312
2024-08-12,228.41000366210938,36.47182083129883,78.62999725341797
2024-08-13,228.05999755859375,36.946250915527344,77.63999938964844
2024-08-14,226.1999969482422,36.679386138916016,76.58999633789062
2024-08-15,226.91000366210938,36.857295989990234,77.41000366210938
2024-08-16,231.99000549316406,38.043373107910156,76.31999969482422
2024-08-19,231.61000061035156,38.76490020751953,74.37999725341797
2024-08-20,232.4600067138672,39.04165267944336,73.83000183105469
2024-08-21,232.14999389648438,39.30851745605469,72.5999984741211
2024-08-22,229.3699951171875,38.33000564575195,73.58000183105469
2024-08-23,232.02000427246094,38.883506774902344,75.55000305175781
2024-08-26,232.75999450683594,38.774784088134766,77.83000183105469
2024-08-27,233.38999938964844,38.76490020751953,76.48999786376953
2024-08-28,231.75,37.914878845214844,75.4800033569336
2024-08-29,232.9499969482422,38.42884826660156,76.7699966430664
2024-08-30,231.2899932861328,38.17185974121094,74.33999633789062
2024-09-03,230.2899932861328,36.837528228759766,71.08999633789062
2024-09-04,230.42999267578125,36.48170471191406,69.61000061035156
2024-09-05,232.35000610351562,36.89683151245117,69.88999938964844
2024-09-06,230.6300048828125,35.89855194091797,68.93000030517578
2024-09-09,231.60000610351562,36.33344268798828,69.2699966430664
2024-09-10,232.6199951171875,36.788108825683594,66.95999908447266
2024-09-11,232.25,36.95613479614258,67.8499984741211
2024-09-12,236.3300018310547,38.7550163269043,69.88999938964844
2024-09-13,238.67999267578125,39.62480545043945,69.83999633789062
2024-09-16,238.66000366210938,39.4271240234375,70.87999725341797
2024-09-17,237.33999633789062,39.031768798828125,71.72000122070312
2024-09-18,235.50999450683594,38.60675811767578,70.66000366210938
2024-09-19,239.1699981689453,39.259098052978516,72.75
2024-09-20,242.2100067138672,40.0399284362793,72.91999816894531
2024-09-23,242.67999267578125,39.862022399902344,72.25
2024-09-24,246.07000732421875,40.92948913574219,73.29000091552734
2024-09-25,245.72999572753906,40.830650329589844,71.4800033569336
2024-09-26,246.97999572753906,41.15681838989258,69.01000213623047
2024-09-27,245.02000427246094,39.89167404174805,70.2699966430664
2024-09-30,243.05999755859375,39.35793685913086,69.91999816894531
2024-10-01,245.61000061035156,39.980628967285156,72.11000061035156
2024-10-02,245.66000366210938,39.901554107666016,72.76000213623047
2024-10-03,245.49000549316406,39.100955963134766,75.7300033569336
2024-10-04,245.0,39.091068267822266,76.3499984741211
2024-10-07,244.1699981689453,38.57710266113281,79.19999694824219
2024-10-08,242.3699951171875,38.53757095336914,75.79000091552734
2024-10-09,241.0500030517578,38.33988952636719,75.25
2024-10-10,242.82000732421875,39.40735626220703,77.7699966430664
2024-10-11,245.47000122070312,39.585269927978516,77.48999786376953
2024-10-14,245.07000732421875,39.693992614746094,75.93000030517578
2024-10-15,245.9199981689453,40.20795822143555,72.76000213623047
2024-10-16,247.14999389648438,40.52424621582031,72.4000015258789
2024-10-17,248.6300048828125,41.00856018066406,72.62000274658203
2024-10-18,251.27000427246094,42.64929962158203,71.37999725341797
2024-10-21,251.22000122070312,42.71848678588867,72.26000213623047
2024-10-22,253.92999267578125,43.57838821411133,73.9800033569336
2024-10-23,250.8699951171875,42.758018493652344,73.55000305175781
2024-10-24,252.8000030517578,41.64113235473633,73.05999755859375
2024-10-25,253.32000732421875,41.0777473449707,74.2300033569336
2024-10-28,253.3300018310547,40.880069732666016,70.43000030517578
2024-10-29,256.0899963378906,41.53240966796875,69.66000366210938
2024-10-30,257.5,41.028324127197266,71.36000061035156
2024-10-31,253.50999450683594,39.87190246582031,73.08000183105469
2024-11-01,252.47000122070312,39.38758850097656,72.0199966430664
2024-11-04,252.8300018310547,39.43701171875,74.29000091552734
2024-11-05,253.39999389648438,39.64457321166992,74.7300033569336
2024-11-06,245.6999969482422,38.19163131713867,74.54000091552734
2024-11-07,249.64999389648438,39.11083984375,74.66000366210938
2024-11-08,247.9600067138672,38.567222595214844,73.12999725341797
2024-11-11,242.13999938964844,36.303794860839844,70.94000244140625
2024-11-12,240.0500030517578,35.69098663330078,70.69000244140625
2024-11-13,237.6300048828125,35.147369384765625,70.7300033569336
2024-11-14,237.00999450683594,35.30551528930664,71.29000091552734
2024-11-15,236.58999633789062,35.09794998168945,69.75
2024-11-18,241.08999633789062,36.59042739868164,72.06999969482422
2024-11-19,243.25,37.44044876098633,72.30999755859375
2024-11-20,244.6199951171875,37.28230667114258,72.0199966430664
2024-11-21,246.66000366210938,37.69742965698242,73.19999694824219
2024-11-22,249.83999633789062,37.83580780029297,74.25
2024-11-25,242.47999572753906,36.70903396606445,72.0999984741211
2024-11-26,242.9499969482422,36.857295989990234,71.61000061035156
2024-11-27,243.49000549316406,37.015438079833984,71.72000122070312
2024-11-29,245.58999633789062,37.22300338745117,71.61000061035156
2024-12-02,243.44000244140625,36.40263366699219,71.04000091552734
2024-12-03,243.92999267578125,37.26253890991211,73.04000091552734
2024-12-04,244.6699981689453,37.1636962890625,71.87999725341797
2024-12-05,242.86000061035156,37.09450912475586,71.47000122070312
2024-12-06,242.9499969482422,36.39274978637695,70.23999786376953
2024-12-09,245.36000061035156,37.47010040283203,71.16999816894531
2024-12-10,248.58999633789062,37.53928756713867,71.4000015258789
2024-12-11,250.9600067138672,38.636409759521484,73.33000183105469
2024-12-12,247.27999877929688,37.22300338745117,73.20999908447266
2024-12-13,244.2899932861328,36.22472381591797,74.20999908447266
2024-12-16,244.8800048828125,35.99738693237305,73.69999694824219
2024-12-17,243.94000244140625,35.770057678222656,73.30000305175781
2024-12-18,239.25999450683594,34.12932205200195,72.94000244140625
2024-12-19,239.60000610351562,33.990943908691406,72.61000061035156
2024-12-20,242.10000610351562,34.32699966430664,73.0999984741211
2024-12-23,240.9600067138672,34.40999984741211,73.05999755859375
2024-12-24,241.44000244140625,34.40999984741211,73.6500015258789
2024-12-26,243.07000732421875,34.470001220703125,73.12999725341797
2024-12-27,241.39999389648438,34.2599983215332,73.8499984741211
2024-12-30,240.6300048828125,33.77000045776367,74.81999969482422
2024-12-31,242.1300048828125,33.90999984741211,75.55000305175781
2025-01-02,245.4199981689453,35.34000015258789,76.93000030517578
2025-01-03,243.49000549316406,35.0,77.91999816894531
2025-01-06,243.19000244140625,34.58000183105469,77.30000305175781
2025-01-07,244.55999755859375,35.04999923706055,78.16999816894531
2025-01-08,245.86000061035156,35.900001525878906,77.30000305175781
2025-01-10,248.2100067138672,35.970001220703125,80.63999938964844
2025-01-13,245.74000549316406,35.380001068115234,82.2300033569336
2025-01-14,247.02999877929688,36.31999969482422,81.66999816894531
2025-01-15,248.8800048828125,36.720001220703125,84.33999633789062
2025-01-16,250.60000610351562,36.619998931884766,82.94000244140625
2025-01-17,249.27000427246094,36.75,82.5199966430664
2025-01-21,253.1300048828125,37.61000061035156,81.11000061035156
2025-01-22,254.42999267578125,37.529998779296875,80.43000030517578
2025-01-23,254.07000732421875,37.5,79.20999908447266
2025-01-24,255.64999389648438,37.95000076293945,79.5999984741211
2025-01-27,252.99000549316406,37.349998474121094,77.93000030517578
2025-01-28,255.17999267578125,37.70000076293945,78.86000061035156
2025-01-29,254.1999969482422,37.900001525878906,77.77999877929688
2025-01-30,258.04998779296875,39.41999816894531,77.75
2025-01-31,258.55999755859375,38.959999084472656,78.0199966430664
2025-02-03,259.94000244140625,39.560001373291016,77.81999969482422
2025-02-04,262.5,40.029998779296875,77.51000213623047
2025-02-05,264.1300048828125,41.040000915527344,76.08999633789062
2025-02-06,263.42999267578125,41.130001068115234,75.44999694824219
2025-02-07,263.8999938964844,40.86000061035156,75.86000061035156
2025-02-10,268.3699951171875,41.959999084472656,77.4000015258789
2025-02-11,267.3900146484375,41.439998626708984,78.2699966430664
2025-02-12,267.6700134277344,42.130001068115234,76.31999969482422
2025-02-13,270.30999755859375,42.5099983215332,76.38999938964844
2025-02-14,266.2900085449219,41.08000183105469,75.81999969482422
2025-02-18,270.70001220703125,41.540000915527344,76.95999908447266
2025-02-19,270.8500061035156,41.540000915527344,77.44999694824219
2025-02-20,270.989990234375,42.2400016784668,77.76000213623047
2025-02-21,270.739990234375,40.79999923706055,75.3499984741211
2025-02-24,272.2099914550781,40.970001220703125,75.97000122070312
2025-02-25,268.6199951171875,40.380001068115234,74.12999725341797
2025-02-26,269.0299987792969,40.86000061035156,73.8499984741211
2025-02-27,264.92999267578125,39.459999084472656,75.27999877929688
2025-02-28,263.2699890136719,39.720001220703125,75.22000122070312
2025-03-03,266.739990234375,39.709999084472656,73.31999969482422
2025-03-04,269.05999755859375,40.279998779296875,73.30999755859375
2025-03-05,269.6199951171875,41.70000076293945,71.41999816894531
2025-03-06,268.25,41.36000061035156,71.12999725341797
2025-03-07,268.3900146484375,41.63999938964844,72.08999633789062
2025-03-10,266.0400085449219,40.5099983215332,70.88999938964844
2025-03-11,269.1600036621094,41.84000015258789,71.44999694824219
2025-03-12,270.3299865722656,41.900001525878906,72.80000305175781
2025-03-13,275.1300048828125,43.209999084472656,71.62000274658203
2025-03-14,275.239990234375,43.63999938964844,72.27999877929688
2025-03-17,276.7300109863281,44.56999969482422,72.70999908447266
2025-03-18,279.9599914550781,44.849998474121094,72.20999908447266
2025-03-19,281.1099853515625,45.22999954223633,72.41999816894531
2025-03-20,280.75,45.15999984741211,73.7300033569336
2025-03-21,278.489990234375,44.5,73.79000091552734
2025-03-24,277.25,44.25,74.87999725341797
2025-03-25,278.4700012207031,45.02000045776367,74.81999969482422
2025-03-26,278.239990234375,44.66999816894531,75.41999816894531
2025-03-27,281.9700012207031,45.7599983215332,75.4800033569336
2025-03-28,284.05999755859375,45.56999969482422,74.7699966430664
2025-03-31,288.1400146484375,45.970001220703125,77.33000183105469
2025-04-01,287.57000732421875,45.79999923706055,77.08000183105469
2025-04-02,288.1600036621094,45.7599983215332,77.73999786376953
2025-04-03,286.4200134277344,45.720001220703125,72.25
2025-04-04,279.7200012207031,41.68000030517578,67.91999816894531
2025-04-07,273.7099914550781,41.45000076293945,65.9800033569336
2025-04-08,275.20001220703125,41.5,63.34000015258789
2025-04-09,285.3800048828125,44.9900016784668,67.58000183105469
2025-04-10,292.3500061035156,47.16999816894531,65.31999969482422
2025-04-11,297.92999267578125,49.70000076293945,66.45999908447266
2025-04-14,296.2300109863281,50.02000045776367,66.66000366210938
2025-04-15,297.7799987792969,50.529998779296875,66.4800033569336
2025-04-16,307.4700012207031,51.90999984741211,67.75
2025-04-17,306.1199951171875,50.91999816894531,69.4800033569336
2025-04-21,315.5899963378906,51.65999984741211,68.62000274658203
2025-04-22,311.1099853515625,50.22999954223633,69.37000274658203
2025-04-23,303.6499938964844,48.72999954223633,68.05000305175781
2025-04-24,308.07000732421875,49.7599983215332,68.45999908447266
2025-04-25,304.7300109863281,48.810001373291016,69.02999877929688
2025-04-28,309.07000732421875,49.43000030517578,67.76000213623047
2025-04-29,306.05999755859375,48.47999954223633,65.8499984741211
2025-04-30,303.7699890136719,49.0099983215332,63.560001373291016
2025-05-01,297.4599914550781,47.20000076293945,64.5199966430664
2025-05-02,297.9800109863281,47.08000183105469,64.01000213623047
2025-05-05,306.8800048828125,48.720001220703125,62.369998931884766
2025-05-06,315.4800109863281,50.790000915527344,64.5999984741211
2025-05-07,310.75,49.81999969482422,63.5099983215332
2025-05-08,304.6300048828125,48.880001068115234,65.5999984741211
2025-05-09,306.8399963378906,50.369998931884766,66.61000061035156
2025-05-12,298.19000244140625,46.619998931884766,67.5999984741211
2025-05-13,299.4599914550781,46.540000915527344,69.58999633789062
2025-05-14,293.1600036621094,45.54999923706055,68.7300033569336
2025-05-15,297.8399963378906,46.4900016784668,67.58999633789062
2025-05-16,294.239990234375,46.33000183105469,68.0999984741211
2025-05-19,298.0299987792969,47.34000015258789,68.51000213623047
